{"name":"8d58d311-0e8f-4a09-a6a2-f5c19f6693c1","id":"/providers/Microsoft.Flow/flows/8d58d311-0e8f-4a09-a6a2-f5c19f6693c1","type":"Microsoft.Flow/flows","properties":{"apiId":"/providers/Microsoft.PowerApps/apis/shared_logicflows","displayName":"PPPQ Quiz 1 Round 2 Flow","definition":{"metadata":{"workflowEntityId":null,"flowclientsuspensionreason":"None","flowclientsuspensiontime":null,"creator":{"id":"be3fdb2b-dfd1-4e7d-bf98-732a3c13d47d","type":"User","tenantId":"3ad8f124-ce7e-433c-b2ab-bfcaa428aaea"},"provisioningMethod":"FromDefinition","failureAlertSubscription":true,"clientLastModifiedTime":"2021-03-28T03:13:14.8828695Z"},"$schema":"https://schema.management.azure.com/providers/Microsoft.Logic/schemas/2016-06-01/workflowdefinition.json#","contentVersion":"1.0.0.0","parameters":{"$connections":{"defaultValue":{},"type":"Object"},"$authentication":{"defaultValue":{},"type":"SecureObject"},"teams.group":{"defaultValue":"","type":"String"},"teams.channel":{"defaultValue":"","type":"String"}},"triggers":{"When_a_new_response_is_submitted":{"metadata":{"flowSystemMetadata":{"swaggerOperationId":"CreateFormWebhook"}},"type":"ApiConnectionWebhook","inputs":{"host":{"connection":{"name":"@parameters('$connections')['shared_microsoftforms']['connectionId']"},"api":{"runtimeUrl":"https://australia-001.azure-apim.net/apim/microsoftforms"}},"body":{"eventType":"responseAdded","notificationUrl":"@{listCallbackUrl()}","source":"ms-connector"},"path":"/formapi/api/forms/@{encodeURIComponent('JPHYOn7OPEOyq7_KpCiq6ivbP77R331Ov5hzKjwT1H1UOVZESk02VzVYM1FRMlZGT0VDNzVOSTRTQy4u')}/webhooks","authentication":"@parameters('$authentication')"}}},"actions":{"Apply_to_each":{"foreach":"@triggerBody()?['value']","actions":{"Get_response_details":{"runAfter":{},"metadata":{"flowSystemMetadata":{"swaggerOperationId":"GetFormResponseById"}},"type":"ApiConnection","inputs":{"host":{"connection":{"name":"@parameters('$connections')['shared_microsoftforms']['connectionId']"},"api":{"runtimeUrl":"https://australia-001.azure-apim.net/apim/microsoftforms"}},"method":"get","path":"/formapi/api/forms('@{encodeURIComponent('JPHYOn7OPEOyq7_KpCiq6ivbP77R331Ov5hzKjwT1H1UOVZESk02VzVYM1FRMlZGT0VDNzVOSTRTQy4u')}')/responses","queries":{"response_id":"@items('Apply_to_each')?['resourceData']?['responseId']"},"authentication":"@parameters('$authentication')"}},"Create_Question_Response_Item":{"runAfter":{"Get_response_details":["Succeeded"]},"metadata":{"flowSystemMetadata":{"swaggerOperationId":"PostItem"}},"type":"ApiConnection","inputs":{"host":{"connection":{"name":"@parameters('$connections')['shared_sharepointonline']['connectionId']"},"api":{"runtimeUrl":"https://australia-001.azure-apim.net/apim/sharepointonline"}},"method":"post","body":{"Title":"@{items('Apply_to_each')?['resourceData']?['responseId']}","OData__x0079_ga0":"@variables('QuizName')","OData__x0078_jn9":"@body('Get_response_details')?['r8ccfe1728afb47c4bfc682baffeaff6e']","qbdq":"@variables('RoundNo')","OData__x0063_nf2":"@body('Get_response_details')?['r56b065e4ace9409ab0a01eeca3855778']","oyjw":"@body('Get_response_details')?['r83f778e6db5c446d9e21c4cca146d0c3']","OData__x0064_lj5":"@body('Get_response_details')?['r4cfac661e39e4a1d9ecf1df5aadf06ac']","e08a":"@body('Get_response_details')?['r7afd298229b342d4b9fdafeb1437876a']","ssau":"@body('Get_response_details')?['r06c68a951caa4bd495c75102b7957cb1']","OData__x006c_q79":"@body('Get_response_details')?['rf734369302eb427c93b8a97376b0e5fd']","OData__x0061_aq9":"@body('Get_response_details')?['rb01faff7cc4d43ef8ebbe3f270fa70e3']","itsp":"@body('Get_response_details')?['r070c3b2fe59a474fa75de3746ea79af5']","OData__x0068_fj6":"@body('Get_response_details')?['r1d45c2a141d04bc28b3847d64b9655b5']","t7eq":"@body('Get_response_details')?['rfd437db60df2434693af14d262fe1db0']","OData__x006c_kw3":"@body('Get_response_details')?['r04c32decbf0348d4942678682ae58a83']","rmqp":"@body('Get_response_details')?['r4a9094a1c7ab43b983a6c0ce7c59bb43']","OData__x006b_o03":"@body('Get_response_details')?['rdc1e7500ef024fdc873ac03ab44823ed']","qvfc":"@body('Get_response_details')?['r1a912bf2e8f742dcbfa7b2b22d0619d2']","f98t":"@body('Get_response_details')?['r551dd2158f5f44dfa731550c9225aee6']"},"path":"/datasets/@{encodeURIComponent(encodeURIComponent('https://metroholographics.sharepoint.com/sites/PPPQTeam'))}/tables/@{encodeURIComponent(encodeURIComponent('dad09206-1651-43ba-9e58-96bda330b9b0'))}/items","authentication":"@parameters('$authentication')"}}},"runAfter":{"Set_RoundNo":["Succeeded"]},"type":"Foreach"},"Set_Quiz_Name":{"runAfter":{},"type":"InitializeVariable","inputs":{"variables":[{"name":"QuizName","type":"string","value":"MVP1"}]}},"Set_RoundNo":{"runAfter":{"Set_Quiz_Name":["Succeeded"]},"type":"InitializeVariable","inputs":{"variables":[{"name":"RoundNo","type":"string","value":"2"}]}}},"outputs":{},"description":"Notify the team when a new response is submitted"},"connectionReferences":{"shared_microsoftforms":{"connectionName":"shared-microsoftform-75b0654c-11d5-431e-9e66-59ac63af9f9f","source":"Embedded","id":"/providers/Microsoft.PowerApps/apis/shared_microsoftforms","tier":"NotSpecified"},"shared_sharepointonline":{"connectionName":"shared-sharepointonl-fa84386b-b252-4379-9530-1c973eedd794","source":"Embedded","id":"/providers/Microsoft.PowerApps/apis/shared_sharepointonline","tier":"NotSpecified"}},"flowFailureAlertSubscribed":false}}